[
  {
    "model": "waffle.flag",
    "pk": 1,
    "fields": {
      "name": "edit_project_detail",
      "everyone": null,
      "percent": null,
      "testing": false,
      "superusers": true,
      "staff": true,
      "authenticated": false,
      "languages": "",
      "rollout": false,
      "note": "",
      "created": "2017-01-30T15:10:08.958Z",
      "modified": "2017-01-30T15:10:08.958Z",
      "groups": [
        3,4
      ],
      "users": []
    }
  },
  {
    "model": "waffle.flag",
    "pk": 2,
    "fields": {
      "name": "create_issue",
      "everyone": null,
      "percent": null,
      "testing": false,
      "superusers": true,
      "staff": true,
      "authenticated": false,
      "languages": "",
      "rollout": false,
      "note": "",
      "created": "2017-01-30T15:10:08.981Z",
      "modified": "2017-01-30T15:10:08.981Z",
      "groups": [
        2,3
      ],
      "users": []
    }
  },
  {
    "model": "waffle.flag",
    "pk": 3,
    "fields": {
      "name": "create_project",
      "everyone": null,
      "percent": null,
      "testing": false,
      "superusers": true,
      "staff": true,
      "authenticated": false,
      "languages": "",
      "rollout": false,
      "note": "",
      "created": "2017-01-30T15:10:08.993Z",
      "modified": "2017-01-30T15:10:08.993Z",
      "groups": [
        4
      ],
      "users": []
    }
  },
  {
    "model": "waffle.flag",
    "pk": 4,
    "fields": {
      "name": "edit_issue",
      "everyone": null,
      "percent": null,
      "testing": false,
      "superusers": true,
      "staff": true,
      "authenticated": false,
      "languages": "",
      "rollout": false,
      "note": "",
      "created": "2017-01-30T15:10:09.003Z",
      "modified": "2017-01-30T15:10:09.003Z",
      "groups": [
        1, 2, 3
      ],
      "users": []
    }
  },
  {
    "model": "waffle.flag",
    "pk": 5,
    "fields": {
      "name": "create_sprint",
      "everyone": null,
      "percent": null,
      "testing": false,
      "superusers": true,
      "staff": true,
      "authenticated": false,
      "languages": "",
      "rollout": false,
      "note": "",
      "created": "2017-01-30T16:11:37Z",
      "modified": "2017-01-30T16:12:29.133Z",
      "groups": [
        2
      ],
      "users": []
    }
  },
  {
    "model": "waffle.flag",
    "pk": 6,
    "fields": {
      "name": "push_issue",
      "everyone": null,
      "percent": null,
      "testing": false,
      "superusers": true,
      "staff": true,
      "authenticated": false,
      "languages": "",
      "rollout": false,
      "note": "",
      "created": "2017-01-30T16:12:35Z",
      "modified": "2017-01-30T16:13:03.933Z",
      "groups": [
        1, 2, 4
      ],
      "users": []
    }
  },
  {
    "model": "waffle.flag",
    "pk": 7,
    "fields": {
      "name": "delete_project",
      "everyone": null,
      "percent": null,
      "testing": false,
      "superusers": true,
      "staff": true,
      "authenticated": false,
      "languages": "",
      "rollout": false,
      "note": "",
      "created": "2017-01-30T16:12:35Z",
      "modified": "2017-01-30T16:13:03.933Z",
      "groups": [
        3, 4
      ],
      "users": []
    }
  },
  {
    "model": "waffle.flag",
    "pk": 8,
    "fields": {
      "name": "prioritize_issue",
      "everyone": null,
      "percent": null,
      "testing": false,
      "superusers": true,
      "staff": true,
      "authenticated": false,
      "languages": "",
      "rollout": false,
      "note": "",
      "created": "2017-01-30T16:12:35Z",
      "modified": "2017-01-30T16:13:03.933Z",
      "groups": [
        3
      ],
      "users": []
    }
  },
  {
    "model": "waffle.flag",
    "pk": 9,
    "fields": {
      "name": "update_team",
      "everyone": null,
      "percent": null,
      "testing": false,
      "superusers": true,
      "staff": true,
      "authenticated": false,
      "languages": "",
      "rollout": false,
      "note": "",
      "created": "2017-01-30T16:12:35Z",
      "modified": "2017-01-30T16:13:03.933Z",
      "groups": [
        4
      ],
      "users": []
    }
  },
  {
    "model": "waffle.flag",
    "pk": 10,
    "fields": {
      "name": "company_employees_view",
      "everyone": null,
      "percent": null,
      "testing": false,
      "superusers": true,
      "staff": true,
      "authenticated": false,
      "languages": "",
      "rollout": false,
      "note": "",
      "created": "2017-01-30T16:12:35Z",
      "modified": "2017-01-30T16:13:03.933Z",
      "groups": [
        4
      ],
      "users": []
    }
  },
  {
    "model": "waffle.flag",
    "pk": 11,
    "fields": {
      "name": "create_team",
      "everyone": null,
      "percent": null,
      "testing": false,
      "superusers": true,
      "staff": true,
      "authenticated": false,
      "languages": "",
      "rollout": false,
      "note": "",
      "created": "2017-01-30T16:12:35Z",
      "modified": "2017-01-30T16:13:03.933Z",
      "groups": [
        4
      ],
      "users": []
    }
  },
  {
    "model": "waffle.flag",
    "pk": 1013,
    "fields": {
      "name": "edit_sprint",
      "everyone": null,
      "percent": null,
      "testing": false,
      "superusers": true,
      "staff": true,
      "authenticated": false,
      "languages": "",
      "rollout": false,
      "note": "",
      "created": "2017-01-30T16:11:37Z",
      "modified": "2017-01-30T16:12:29.133Z",
      "groups": [
        2
      ],
      "users": []
    }
  },
  {
    "model": "waffle.flag",
    "pk": 14,
    "fields": {
      "name": "read_workflow_manager",
      "everyone": null,
      "percent": null,
      "testing": false,
      "superusers": true,
      "staff": true,
      "authenticated": false,
      "languages": "",
      "rollout": false,
      "note": "",
      "created": "2017-01-30T16:11:37Z",
      "modified": "2017-01-30T16:12:29.133Z",
      "groups": [
        1,2,3,4
      ],
      "users": []
    }
  },
  {
    "model": "waffle.flag",
    "pk": 15,
    "fields": {
      "name": "update_workflow_manager",
      "everyone": null,
      "percent": null,
      "testing": false,
      "superusers": true,
      "staff": true,
      "authenticated": false,
      "languages": "",
      "rollout": false,
      "note": "",
      "created": "2017-01-30T16:11:37Z",
      "modified": "2017-01-30T16:12:29.133Z",
      "groups": [
        1,2
      ],
      "users": []
    }
  },
  {
    "model": "waffle.flag",
    "pk": 16,
    "fields": {
      "name": "create_task",
      "everyone": null,
      "percent": null,
      "testing": false,
      "superusers": true,
      "staff": true,
      "authenticated": false,
      "languages": "",
      "rollout": false,
      "note": "",
      "created": "2017-01-30T16:11:37Z",
      "modified": "2017-01-30T16:12:29.133Z",
      "groups": [
        1,2
      ],
      "users": []
    }
  },
  {
    "pk": 1,
    "model": "auth.Group",
    "fields": {
      "name": "developer"
    }
  },
  {
    "pk": 2,
    "model": "auth.Group",
    "fields": {
      "name": "scrum"
    }
  },
  {
    "pk": 3,
    "model": "auth.Group",
    "fields": {
      "name": "product owner"
    }
  },
  {
    "pk": 4,
    "model": "auth.Group",
    "fields": {
      "name": "project manager"
    }
  },
  {
    "model": "employee.employee",
    "pk": 1,
    "fields": {
      "password": "pbkdf2_sha256$30000$80UGAYiTkmUH$rgg/i5Ya+Tpup6k1t5vQMjrBML2uTYY0AirJQYx0Z44=",
      "last_login": null,
      "is_superuser": true,
      "username": "admin",
      "first_name": "IvanAdmin",
      "last_name": "Ivanov",
      "email": "test1@ukr.net",
      "is_staff": true,
      "is_active": true,
      "date_joined": "2017-01-27T20:53:28Z",
      "date_birth": null,
      "photo": "",
      "user_permissions": []
    }
  },
  {
    "model": "employee.employee",
    "pk": 2,
    "fields": {
      "password": "pbkdf2_sha256$30000$80UGAYiTkmUH$rgg/i5Ya+Tpup6k1t5vQMjrBML2uTYY0AirJQYx0Z44=",
      "last_login": null,
      "is_superuser": false,
      "username": "developer",
      "first_name": "IvanDeveloper",
      "last_name": "IvanovDeveloper",
      "email": "test2@ukr.net",
      "is_staff": false,
      "is_active": true,
      "date_joined": "2017-01-27T20:53:28Z",
      "date_birth": null,
      "photo": "",
      "groups": [
        1
      ],
      "user_permissions": []
    }
  },
  {
    "model": "employee.employee",
    "pk": 3,
    "fields": {
      "password": "pbkdf2_sha256$30000$80UGAYiTkmUH$rgg/i5Ya+Tpup6k1t5vQMjrBML2uTYY0AirJQYx0Z44=",
      "last_login": null,
      "is_superuser": false,
      "username": "scrum_master",
      "first_name": "IvanScrum",
      "last_name": "Ivanov",
      "email": "test3@ukr.net",
      "is_staff": false,
      "is_active": true,
      "date_joined": "2017-01-27T21:14:20Z",
      "date_birth": null,
      "photo": "",
      "groups": [
        2
      ],
      "user_permissions": []
    }
  },
  {
    "model": "employee.employee",
    "pk": 4,
    "fields": {
      "password": "pbkdf2_sha256$30000$80UGAYiTkmUH$rgg/i5Ya+Tpup6k1t5vQMjrBML2uTYY0AirJQYx0Z44=",
      "last_login": null,
      "is_superuser": false,
      "username": "product_owner",
      "first_name": "IvanProductOwner",
      "last_name": "Ivanov",
      "email": "test4@ukr.net",
      "is_staff": false,
      "is_active": true,
      "date_joined": "2017-01-30T16:45:39.517Z",
      "date_birth": null,
      "photo": "",
      "groups": [
        3
      ],
      "user_permissions": []
    }
  },
  {
    "model": "employee.employee",
    "pk": 5,
    "fields": {
      "password": "pbkdf2_sha256$30000$80UGAYiTkmUH$rgg/i5Ya+Tpup6k1t5vQMjrBML2uTYY0AirJQYx0Z44=",
      "last_login": null,
      "is_superuser": false,
      "username": "project_manager",
      "first_name": "IvanProjectManager",
      "last_name": "Ivanov",
      "email": "test5@ukr.net",
      "is_staff": false,
      "is_active": true,
      "date_joined": "2017-01-30T16:45:39.517Z",
      "date_birth": null,
      "photo": "",
      "groups": [
        4
      ],
      "user_permissions": []
    }
  },
  {
    "model": "employee.employee",
    "pk": 6,
    "fields": {
      "password": "pbkdf2_sha256$30000$80UGAYiTkmUH$rgg/i5Ya+Tpup6k1t5vQMjrBML2uTYY0AirJQYx0Z44=",
      "last_login": null,
      "is_superuser": false,
      "username": "developer2",
      "first_name": "IvanDeveloper2",
      "last_name": "Ivanov",
      "email": "test6@ukr.net",
      "is_staff": false,
      "is_active": true,
      "date_joined": "2017-01-27T20:53:28Z",
      "date_birth": null,
      "photo": "",
      "groups": [
        1
      ],
      "user_permissions": []
    }
  },
    {
    "model": "employee.employee",
    "pk": 7,
    "fields": {
      "password": "pbkdf2_sha256$30000$80UGAYiTkmUH$rgg/i5Ya+Tpup6k1t5vQMjrBML2uTYY0AirJQYx0Z44=",
      "last_login": null,
      "is_superuser": false,
      "username": "developer3",
      "first_name": "IvanDeveloper3",
      "last_name": "Ivanov",
      "email": "test7@ukr.net",
      "is_staff": false,
      "is_active": true,
      "date_joined": "2017-01-27T20:53:28Z",
      "date_birth": null,
      "photo": "",
      "groups": [
        1
      ],
      "user_permissions": []
    }
  },
    {
    "model": "employee.employee",
    "pk": 8,
    "fields": {
      "password": "pbkdf2_sha256$30000$80UGAYiTkmUH$rgg/i5Ya+Tpup6k1t5vQMjrBML2uTYY0AirJQYx0Z44=",
      "last_login": null,
      "is_superuser": false,
      "username": "developer4",
      "first_name": "IvanDeveloper4",
      "last_name": "Ivanov",
      "email": "test8@ukr.net",
      "is_staff": false,
      "is_active": true,
      "date_joined": "2017-01-27T20:53:28Z",
      "date_birth": null,
      "photo": "",
      "groups": [
        1
      ],
      "user_permissions": []
    }
  },

  {
  "model": "simple_email_confirmation.emailaddress",
  "pk": 1,
  "fields": {
    "user": 1,
    "email": "test1@ukr.net",
    "key": "wJeR0mkBsGzF",
    "set_at": "2017-02-05T13:31:53.991Z",
    "confirmed_at": "2017-02-05T13:32:43.555Z"
  }
},
{
  "model": "simple_email_confirmation.emailaddress",
  "pk": 2,
  "fields": {
    "user": 2,
    "email": "test2@ukr.net",
    "key": "cBMhN8GtPoVX",
    "set_at": "2017-02-05T13:31:54.014Z",
    "confirmed_at": "2017-02-05T13:32:43.555Z"
  }
},
{
  "model": "simple_email_confirmation.emailaddress",
  "pk": 3,
  "fields": {
    "user": 3,
    "email": "test3@ukr.net",
    "key": "vbIVqd6w4xcP",
    "set_at": "2017-02-05T13:31:54.030Z",
    "confirmed_at": "2017-02-05T13:32:43.555Z"
  }
},
{
  "model": "simple_email_confirmation.emailaddress",
  "pk": 4,
  "fields": {
    "user": 4,
    "email": "test4@ukr.net",
    "key": "JC3WcA9C918S",
    "set_at": "2017-02-05T13:31:54.051Z",
    "confirmed_at": "2017-02-05T13:32:43.555Z"
  }
},
{
  "model": "simple_email_confirmation.emailaddress",
  "pk": 5,
  "fields": {
    "user": 5,
    "email": "test5@ukr.net",
    "key": "gz974V21elBc",
    "set_at": "2017-02-05T13:31:54.061Z",
    "confirmed_at": "2017-02-05T13:32:43.555Z"
  }
},
{
  "model": "simple_email_confirmation.emailaddress",
  "pk": 6,
  "fields": {
    "user": 6,
    "email": "test6@ukr.net",
    "key": "MF7oOGX2FFzJ",
    "set_at": "2017-02-05T13:31:54.071Z",
    "confirmed_at": "2017-02-05T13:32:43.555Z"
  }
},
{
  "model": "simple_email_confirmation.emailaddress",
  "pk": 7,
  "fields": {
    "user": 7,
    "email": "test7@ukr.net",
    "key": "My2N8lzAQkll",
    "set_at": "2017-02-05T13:31:54.081Z",
    "confirmed_at": "2017-02-05T13:32:43.555Z"
  }
},
{
  "model": "simple_email_confirmation.emailaddress",
  "pk": 8,
  "fields": {
    "user": 8,
    "email": "test8@ukr.net",
    "key": "O2pcT6kyfNHL",
    "set_at": "2017-02-05T13:31:54.091Z",
    "confirmed_at": "2017-02-05T13:32:43.555Z"
  }
},
{
   "model": "sites.site",
   "pk": 1,
   "fields": {
     "domain": "http://127.0.0.1:8000/",
     "name": "127.0.0.1"
   }
 },
 {
   "model": "sites.site",
   "pk": 2,
   "fields": {
     "domain": "http://jiller-phobosprogrammer.rhcloud.com/",
     "name": "rhcloud.com"
   }
 },
 {
    "model": "socialaccount.socialapp",
    "pk": 1,
    "fields": {
      "provider": "github",
      "name": "JIller",
      "client_id": "96092648587d4e095e20",
      "secret": "beec855b67d82989a2e02396174915ea2e93c433",
      "key": "",
      "sites": [
        1, 2
      ]
    }
 },
 {
   "model": "socialaccount.socialapp",
   "pk": 8,
   "fields": {
     "provider": "vk",
     "name": "vk",
     "client_id": "5887190",
     "secret": "AXpSs0hcqnM9OAE9lJzU",
     "key": "",
     "sites": [
       1, 2
     ]
   }
 },
{
  "model": "socialaccount.socialapp",
  "pk": 2,
  "fields": {
    "provider": "twitter",
    "name": "twitter",
    "client_id": "GAT7O6dpfG28y0SN7XIjYuE4l",
    "secret": "r5J0jRP4egjPucTWTgtqc7DNjFLuTzIAfqLGwTZwmHoXOCdAW8",
    "key": "",
    "sites": [
      1, 2
    ]
  }
},
{
  "model": "socialaccount.socialapp",
  "pk": 3,
  "fields": {
    "provider": "google",
    "name": "google",
    "client_id": "784981461724-948617b5eqranrplbdd8c6tjd2uo9njr.apps.googleusercontent.com",
    "secret": "OsTvsqytJH4mBLVMWeiXP4UW",
    "key": "",
    "sites": [
      1, 2
    ]
  }
},
  {
  "model": "socialaccount.socialapp",
  "pk": 4,
  "fields": {
    "provider": "linkedin",
    "name": "linkedin",
    "client_id": "862ijafk6skhzz",
    "secret": "0cPfkLYK2YqvELKn",
    "key": "",
    "sites": [
      1, 2
    ]
  }
},
{
  "model": "socialaccount.socialapp",
  "pk": 9,
  "fields": {
    "provider": "facebook",
    "name": "facebook",
    "client_id": "429621090715221",
    "secret": "ff664b954a857fc0553752617b8d2e8b",
    "key": "",
    "sites": [
      1,
      2,
      3
    ]
  }
}
]

